order_no,app_id,sender_id,peer_id,product_code,amount,order_time
260305001041860,241,160516000000516,2c2225fc38b25dae257619e81f8d1988:TPB:2,TF024,140000,1772713878061
2603050000042679,450,160516000000516,180202000003498,TF020,500000,1772708461469
260305000176872,241,160516000000516,8c0f200ea4460f76f0ff334b482d4ad6:VTB:2,TF024,216000,1772672984938
2603040000031570,450,160516000000516,250613002503073,TF020,25000,1772606510855
260304000490473,241,160516000000516,bebea1ac17f76a9bd59baf538334f2246b108b758f8f70eb08c76769f18294ba:TCB:2,TF024,300000,1772602436928
2603030000028405,450,160516000000516,221025004513462,TF020,25000,1772518348245
2603030000017961,450,160516000000516,221025004513462,TF020,58000,1772515734789
2603020000024732,450,160516000000516,250613002503073,TF020,25000,1772432791061
2603020000029731,450,160516000000516,250613002503073,TF020,25000,1772432791054
2603020000027731,450,160516000000516,250613002503073,TF020,25000,1772432791046
2603020000026731,450,160516000000516,250613002503073,TF020,25000,1772432791013
260302000501816,241,160516000000516,4cc53e1776f8402f6218dc483571b4ef:KLB:2,TF007,11463,1772430288660
260302000500264,241,160516000000516,d706450be612fc08234e0fccccbc0876c2ac3f1953074453c9c48d7328873b87:VIB:2,TF024,175000,1772430080791
